student,T01,T02,T03,T04,T05,T06,T07,T08,T09,T10,T11,T12,T13,T14,T15,E01,E02,E03,E04,E05,E06,E07,E08,E09,E10,E11,E12,E13,E14,E15,S01,S02,S03,S04,S05,S06,S07,S08,S09,S10,S11,S12,S13,S14,S15,V01,V02,V03,V04,V05,V06,V07,V08,V09,V10,V11,V12,V13,V14,V15
11,1,1,0,2,2,1,1,-1,0,1,0,1,0,2,1,2,-1,-1,1,0,1,1,2,1,2,1,0,1,1,1,1,0,0,1,1,1,1,0,1,1,1,1,1,2,2,1,1,1,0,0,0,1,0,2,0,0,0,1,1,0
12,1,1,2,1,0,1,1,-1,0,0,1,0,0,1,0,2,-1,0,1,1,1,2,1,1,1,1,1,0,1,2,1,0,1,1,0,1,1,0,1,0,1,0,0,1,,1,1,0,0,1,1,1,1,1,0,1,1,1,1,1
13,1,2,0,-1,2,1,2,1,0,1,2,0,0,2,1,2,-2,-2,2,2,2,2,2,1,1,2,1,0,1,2,1,0,1,1,1,1,2,2,2,2,2,1,2,1,1,2,2,1,2,1,1,2,2,2,2,2,1,2,2,1
14,0,1,0,1,1,1,0,1,-1,1,1,1,1,2,2,2,-1,1,-1,1,1,1,1,1,1,1,-1,0,1,1,1,1,1,2,2,2,1,0,1,1,1,1,1,1,1,2,1,1,1,1,1,1,1,1,1,1,1,2,2,1
16,0,1,2,2,-2,2,2,1,0,2,1,2,2,2,1,2,-1,-2,0,1,0,1,0,2,2,2,1,0,1,1,1,1,2,2,2,1,0,1,2,1,1,1,2,2,0,1,1,1,2,2,1,2,1,2,0,1,0,2,2,1
17,1,1,2,0,2,2,1,1,-1,2,2,1,2,2,1,0,0,1,-2,0,1,1,1,-1,1,2,-1,-1,2,1,1,2,1,1,2,2,1,-2,1,2,1,1,1,0,1,1,2,0,2,1,2,1,1,2,2,2,1,2,0,1
18,-1,0,1,0,1,-1,1,-1,-1,1,1,1,1,1,0,1,1,-1,1,1,0,1,1,1,1,1,0,1,1,1,2,1,1,2,2,2,1,1,1,1,1,1,1,1,1,1,1,0,2,1,1,2,2,2,1,1,1,2,2,1
19,1,1,1,2,1,2,1,0,0,-1,,-1,0,1,2,2,-1,-1,0,2,2,2,2,0,2,2,2,0,2,2,0,-1,1,1,1,2,2,0,2,2,2,-1,1,1,2,2,2,2,2,2,2,2,2,2,0,2,1,2,2,2
20,1,2,1,1,1,1,1,1,1,1,1,1,2,0,0,-1,-1,-1,1,-1,1,2,1,2,2,2,2,1,2,2,2,1,1,1,2,0,2,2,2,1,2,1,2,2,2,1,1,2,2,2,2,2,2,2,2,2,2,2,2,2
21,1,1,0,2,0,1,2,-1,-1,2,1,2,2,2,-1,2,1,-1,2,2,2,2,2,2,2,2,1,0,2,2,2,2,2,2,2,2,1,2,2,2,2,2,2,2,2,2,2,2,2,2,2,2,2,2,2,2,2,2,2,2
22,-1,2,0,2,0,2,-2,-1,0,1,0,0,1,2,0,2,0,-1,0,1,2,-1,1,2,1,1,1,0,1,2,0,1,1,2,1,1,0,2,1,1,-1,1,1,0,0,0,0,2,1,2,1,1,1,1,1,0,1,1,1,2
24,1,1,0,2,2,1,1,-1,,2,0,0,-1,2,2,0,-1,-2,2,-2,0,1,2,1,1,2,1,-1,1,2,1,0,2,1,2,1,1,,1,1,1,0,1,,1,2,1,1,0,1,1,0,1,2,0,2,-1,2,2,1
26,0,2,1,0,2,2,2,2,1,1,2,2,2,2,0,1,0,-2,2,0,1,2,-1,0,2,2,2,1,2,2,2,-1,1,2,2,2,2,2,2,2,2,2,0,2,-1,2,2,-2,1,2,2,2,1,2,-1,2,0,2,2,2
29,0,-2,1,0,2,2,2,2,2,0,2,2,1,2,2,1,0,-2,2,2,2,0,2,-1,2,2,0,1,1,2,2,1,1,1,1,2,2,2,2,2,2,2,2,2,2,2,2,2,2,2,2,2,2,2,2,2,2,2,2,2
30,2,1,2,1,1,2,1,1,2,0,1,0,0,2,0,,,,,,,,,,,,,,,,,,,,,,,,,,,,,,,,,,,,,,,,,,,,,
31,1,0,0,2,2,1,-1,1,0,2,1,1,2,0,0,1,0,0,0,2,1,2,2,2,2,2,1,2,2,2,2,1,1,0,2,2,1,0,1,1,2,1,1,1,1,0,0,0,-1,1,2,2,2,2,1,1,1,1,1,2
32,1,1,1,2,2,2,2,1,-1,2,1,2,1,2,1,2,0,-2,-1,2,1,0,,1,2,2,2,1,2,2,1,1,2,2,2,1,2,0,1,2,1,1,2,1,1,2,2,1,2,1,1,1,1,1,1,1,1,1,1,2
35,1,2,2,2,2,2,2,0,1,1,0,1,2,2,1,2,-2,-2,-1,0,0,1,1,0,2,2,1,0,1,2,1,0,1,-1,1,2,2,1,1,1,1,2,1,0,2,2,2,2,2,2,2,2,2,2,2,2,1,2,2,2
36,1,2,2,2,2,2,2,-2,-2,2,2,2,0,2,2,-1,1,1,-2,-1,0,0,2,-1,1,2,1,-1,2,2,2,-2,0,0,2,-2,2,0,1,0,2,0,2,2,2,2,2,2,2,-2,2,0,1,2,0,-1,2,2,2,2
37,1,1,1,2,2,2,2,2,-1,1,2,2,2,2,2,2,0,-1,-1,1,2,2,1,2,2,2,2,0,2,2,1,-1,2,2,2,2,2,0,2,2,2,2,2,2,2,2,0,2,2,2,2,2,2,2,2,2,2,2,2,2
38,1,1,0,1,1,2,2,-1,1,2,2,1,1,2,1,2,-2,-1,2,2,2,2,2,1,2,2,1,0,2,2,2,0,2,0,2,2,2,1,2,1,1,1,1,1,1,2,2,2,1,1,1,2,1,2,1,2,2,2,2,1
39,0,0,-1,1,2,2,2,-1,-1,0,0,0,0,1,1,,,,,,,,,,,,,,,,,,,,,,,,,,,,,,,,,,,,,,,,,,,,,
40,1,2,2,2,1,-1,2,2,0,0,1,1,1,1,2,1,2,2,-1,1,1,1,2,2,0,2,0,0,2,2,2,2,2,2,1,2,2,2,2,,2,1,1,2,2,2,2,1,2,2,,2,2,2,2,2,2,2,2,1
41,2,2,2,2,2,2,2,2,2,2,2,2,2,2,2,1,1,-2,-1,1,2,2,2,0,2,2,2,2,2,2,2,2,2,2,2,2,2,2,2,2,2,2,2,2,2,2,2,2,2,1,2,2,2,2,2,2,1,2,2,2
42,1,1,,2,1,1,2,1,1,1,,-1,-1,,1,1,1,1,0,1,1,1,1,1,1,1,1,2,2,2,1,1,1,0,1,1,2,-1,2,1,1,1,1,0,2,1,2,1,2,1,1,1,1,1,1,2,2,1,2,1
43,1,1,2,0,1,1,2,0,0,0,1,2,1,2,1,2,1,-2,-1,1,1,1,2,-1,1,2,1,0,0,1,1,1,0,2,2,2,2,0,2,0,2,1,2,1,0,1,2,1,2,2,2,2,2,2,2,2,2,2,2,1
45,0,1,1,0,0,1,-1,-2,0,1,1,1,2,1,0,2,0,-1,0,2,1,1,2,1,2,2,0,2,2,2,2,1,1,1,2,1,2,0,2,1,2,1,1,1,1,1,2,1,2,1,2,1,0,2,0,1,1,2,1,1
46,1,1,1,1,0,0,1,0,0,1,1,1,2,2,0,1,0,-1,0,1,1,1,1,1,2,2,0,1,2,2,1,1,1,1,1,2,1,2,2,2,2,1,2,1,1,1,1,1,1,0,1,1,1,2,1,1,0,1,2,1
48,1,-1,2,1,2,0,1,0,1,1,-1,0,2,2,1,1,0,1,-1,2,1,1,1,2,2,2,0,0,1,2,-1,1,0,-1,2,2,2,2,1,1,2,1,1,0,1,2,2,1,2,2,1,2,2,1,1,1,2,2,2,2
49,0,-1,1,1,2,1,1,-1,-1,2,2,2,1,2,1,1,-1,-2,1,2,0,2,2,1,2,2,1,1,1,2,1,1,2,2,2,2,2,1,2,1,2,1,2,2,1,2,2,1,2,2,2,2,1,2,2,0,2,2,2,2
50,0,2,2,2,2,2,1,1,1,2,2,2,2,2,2,2,-1,-2,-1,1,1,2,1,2,2,2,2,2,2,2,2,2,2,2,2,2,2,1,2,2,2,2,2,2,2,1,1,1,2,1,2,2,2,2,0,2,2,2,2,1
52,1,0,2,2,2,2,2,1,1,1,2,2,1,2,2,2,0,-1,-1,2,2,2,2,0,2,2,2,2,2,2,1,2,1,2,2,1,2,2,2,2,2,2,2,2,1,1,1,1,1,1,1,1,1,2,1,1,0,2,2,2
53,-2,1,2,2,1,2,2,0,-1,2,1,2,2,2,2,1,1,-2,-1,2,2,2,2,1,2,2,1,0,2,2,2,1,1,1,2,2,2,2,2,1,1,1,1,2,1,2,2,1,1,1,2,2,1,2,2,1,2,2,1,2
54,0,1,2,2,2,2,2,0,1,2,2,2,0,2,2,2,0,0,0,1,-1,2,2,2,2,2,2,-2,2,2,2,2,2,-1,2,2,2,0,2,2,2,2,2,2,2,2,2,2,2,2,2,2,2,2,2,2,2,2,2,2
55,-1,1,1,2,2,2,1,0,1,0,2,1,1,1,2,2,-1,-1,1,1,1,1,1,0,2,2,1,-1,2,2,2,1,2,2,2,2,2,1,2,1,2,2,2,2,2,2,2,1,1,2,2,2,0,2,1,2,2,2,2,2
56,2,1,1,1,0,1,2,1,2,0,1,0,-1,2,1,0,0,-2,0,2,2,0,2,0,1,2,1,0,2,2,2,1,1,1,1,1,2,1,1,2,1,2,0,1,1,2,2,0,1,1,0,1,1,2,0,1,0,2,1,2
57,-2,-2,2,1,-1,1,1,-2,0,2,1,2,2,2,1,1,-1,-2,-1,2,2,2,2,2,2,2,-2,-1,1,2,2,2,2,2,2,2,1,1,2,2,2,2,1,2,2,2,2,1,2,2,1,2,2,2,1,1,2,2,1,2
58,1,1,1,2,2,2,-1,1,0,1,1,2,2,1,2,-1,0,-1,2,1,1,1,0,-2,1,1,2,-2,2,1,-2,-2,1,1,1,1,0,-2,1,2,2,2,2,0,0,0,1,0,0,1,1,1,1,1,1,1,0,1,0,1
59,2,2,1,0,2,1,2,0,0,0,1,-1,1,1,2,2,1,-2,2,1,0,2,2,0,2,2,1,0,2,2,1,1,0,-1,2,2,0,2,1,0,2,1,0,2,2,1,1,-1,1,2,2,2,2,2,1,1,2,2,2,1
61,-2,1,1,1,1,1,2,0,0,1,2,2,1,1,1,2,-2,-2,1,1,0,1,1,0,2,2,1,1,2,2,2,1,2,2,2,2,2,2,2,1,2,1,2,2,2,2,2,2,1,2,2,2,2,2,2,1,1,2,1,1
62,1,-1,2,2,2,1,2,0,1,2,2,2,2,2,2,-1,2,-1,0,1,-1,2,2,-2,1,2,1,0,2,2,2,2,2,2,1,2,0,2,2,2,2,2,2,2,2,1,2,2,2,2,2,2,2,2,2,0,1,2,2,2
63,2,0,2,0,1,2,0,-2,0,2,1,2,0,0,2,2,1,0,-1,0,1,1,2,2,2,2,1,1,2,2,2,2,0,2,2,0,2,2,1,2,2,2,0,1,2,0,1,0,2,2,2,2,0,2,0,0,0,1,1,2
64,2,2,1,1,0,2,2,0,0,1,1,2,2,0,1,2,-1,-1,0,2,0,1,2,1,1,2,1,0,2,2,1,0,1,0,1,1,2,1,1,0,1,1,1,1,1,2,2,1,1,2,1,2,2,1,1,0,1,2,2,1
65,0,1,2,2,-1,1,-2,1,1,1,1,1,0,2,2,1,-1,0,-1,1,2,2,2,0,1,1,0,2,2,2,2,0,1,1,2,0,1,1,1,0,1,0,-1,1,1,1,1,1,1,0,1,1,1,2,0,1,1,1,1,1
66,1,-1,1,0,2,1,2,0,1,2,2,2,2,2,1,2,-1,-2,1,2,2,2,0,2,2,2,1,0,1,1,2,1,2,1,2,2,2,0,1,2,2,1,2,2,1,2,1,0,2,2,2,2,2,2,1,1,1,2,2,2
67,1,2,1,2,1,1,2,0,0,2,1,1,1,1,1,1,-1,0,2,2,1,2,2,1,2,2,2,0,2,2,2,1,2,1,2,2,2,1,2,2,2,1,2,2,2,2,1,1,1,2,2,2,1,2,1,2,2,2,2,2
69,1,2,1,2,0,1,1,-1,1,1,0,,1,0,1,1,2,-1,2,2,1,2,1,0,2,1,1,0,2,1,1,2,1,2,1,2,0,-1,1,1,1,1,2,1,1,2,1,1,2,1,1,2,2,2,1,1,0,2,1,2
70,1,1,1,2,2,1,1,-1,-1,1,0,1,0,2,1,2,0,-2,1,2,1,2,0,1,2,2,1,0,2,2,2,1,2,2,2,2,2,1,2,1,2,2,1,1,1,2,1,1,0,1,1,1,1,1,1,1,1,1,1,1
72,0,1,0,2,1,2,2,0,1,0,0,-1,0,1,1,2,-1,-1,1,1,2,2,0,2,2,1,1,2,2,2,2,2,2,2,0,0,2,0,1,2,2,2,2,2,2,1,1,0,0,2,2,2,2,1,1,1,2,2,2,2
74,-1,1,2,1,1,2,2,-2,1,2,2,2,2,2,2,2,-2,-1,1,2,2,2,1,2,2,2,-1,0,2,2,0,1,-1,1,2,2,2,2,2,2,2,2,2,2,2,1,2,-1,1,1,1,1,2,2,2,2,2,2,2,2
77,1,1,0,1,1,1,0,0,0,1,1,0,0,1,0,,,,,,,,,,,,,,,,,,,,,,,,,,,,,,,,,,,,,,,,,,,,,
79,1,0,2,0,2,0,2,0,2,1,2,1,0,2,0,0,1,0,1,1,1,1,1,0,1,1,-1,0,2,2,1,1,1,2,2,1,0,1,1,2,1,1,0,0,1,,,,,,,,,,,,,,,
80,1,2,1,1,0,2,2,-2,0,1,2,1,0,2,1,-1,1,-2,1,0,0,1,2,0,1,2,2,0,2,2,2,2,2,2,2,2,2,2,2,1,1,2,1,2,1,1,1,1,2,2,1,1,1,1,1,1,1,1,1,2
81,1,2,2,1,1,1,2,-1,0,2,2,1,,2,1,1,-1,-2,1,1,,1,2,2,1,2,2,,1,1,2,2,2,2,2,2,1,2,2,2,2,2,2,2,2,2,2,2,2,2,2,1,2,2,2,2,2,2,2,2
82,0,1,0,1,2,1,1,0,-1,2,2,2,2,1,1,1,0,2,-1,-1,-1,0,1,1,1,2,1,1,2,2,2,1,2,2,2,1,2,0,1,2,2,2,1,2,1,2,2,2,2,2,2,2,2,2,2,2,2,2,2,2
83,1,2,1,2,2,1,2,1,1,2,1,1,1,2,2,2,-1,-2,-1,2,-1,2,1,1,2,2,2,1,2,2,2,2,1,1,2,2,2,2,2,2,2,2,1,1,2,2,2,1,2,2,2,2,2,1,1,2,2,1,2,2
84,-2,1,,1,-1,2,-2,-1,0,-1,2,2,2,2,2,-1,1,-2,1,1,1,2,2,-1,2,2,2,0,1,2,1,-2,1,1,2,1,1,0,0,2,0,0,2,2,0,2,2,2,2,2,2,2,2,2,2,2,2,2,2,2
85,0,0,-1,1,2,2,0,0,0,-1,-1,1,0,1,2,2,-1,-2,2,1,0,1,0,-1,2,-1,-1,-2,2,2,1,0,2,1,2,2,2,-1,2,0,2,-1,2,1,1,2,0,2,2,2,2,-1,-1,2,0,2,1,2,2,2
86,1,2,1,1,1,2,-1,-1,-2,2,1,2,2,2,2,2,-2,-2,2,1,-2,2,2,2,2,2,2,0,1,2,2,1,2,2,2,2,2,2,2,0,2,1,1,2,2,0,2,2,1,2,2,2,2,2,2,1,2,2,2,2
87,1,0,1,2,1,0,2,1,1,1,2,1,1,2,2,,,,,,,,,,,,,,,,,,,,,,,,,,,,,,,,,,,,,,,,,,,,,
89,1,0,0,0,1,1,1,1,1,2,2,-2,0,-1,1,2,1,-2,1,2,2,0,1,0,0,2,0,1,1,1,-2,0,-2,1,2,1,2,1,2,1,2,0,0,1,-2,1,0,2,2,2,2,2,1,2,1,0,1,2,2,2
90,-1,1,0,2,1,1,0,0,-1,1,1,1,1,1,1,2,-1,-2,-1,1,1,2,1,2,2,2,2,1,2,2,1,1,1,1,1,1,1,1,1,1,1,1,1,1,1,1,1,1,1,1,1,1,1,1,1,1,1,1,1,1
91,1,1,0,1,0,1,1,1,0,1,1,1,0,1,0,2,0,0,0,0,0,1,1,1,1,1,1,1,1,1,1,1,1,1,1,1,1,0,1,1,1,1,1,1,1,1,1,1,1,1,1,1,1,1,1,1,1,1,1,1
92,1,1,1,0,1,2,2,-2,0,0,1,0,,1,,2,-1,1,2,,1,0,2,,2,1,1,0,1,2,1,1,2,2,1,2,2,0,2,1,1,2,1,2,2,2,2,2,2,2,2,2,1,2,1,2,1,2,2,2
93,-1,-1,1,2,1,0,1,1,1,2,1,2,0,2,1,0,-1,-2,-1,1,-1,1,-1,1,1,1,-1,-1,1,1,,1,1,1,2,1,1,1,,1,1,2,1,1,1,2,1,0,1,1,0,1,1,0,1,1,-1,2,1,1
94,2,2,0,2,2,2,1,1,2,2,2,0,1,1,2,2,-1,-1,2,2,2,2,1,2,2,2,2,2,2,2,2,2,2,2,2,2,2,2,2,2,2,2,2,2,2,2,2,2,2,2,2,2,2,2,2,2,2,2,2,2
95,0,2,2,2,1,1,-1,0,0,2,2,2,2,2,2,1,-1,-2,-1,,1,2,0,2,2,2,2,0,2,2,2,2,2,2,2,1,1,1,2,1,2,2,2,2,2,1,2,2,1,2,2,2,1,2,1,2,,2,2,2
97,1,2,2,1,2,2,2,0,0,2,2,2,0,2,2,1,-1,-2,2,1,0,2,0,1,2,2,1,1,2,2,-1,2,2,2,2,2,2,1,2,1,2,2,2,1,2,2,2,0,2,2,2,2,2,2,2,2,1,2,2,2
99,0,1,0,1,1,1,2,0,0,2,1,1,2,1,1,2,0,0,-1,1,1,1,1,1,2,2,1,0,1,2,1,1,1,2,2,2,1,1,1,1,1,1,1,1,1,2,1,1,1,1,1,1,1,1,1,1,1,2,2,1
101,1,2,2,2,2,2,1,1,0,1,1,2,2,1,2,2,2,0,1,1,1,1,2,2,2,2,2,1,2,1,1,2,1,1,2,1,1,2,1,1,1,1,2,1,2,1,1,1,1,0,1,1,1,2,2,1,1,1,1,2
102,0,0,2,0,1,1,2,,1,2,2,2,0,2,1,0,1,0,1,1,0,1,1,0,1,1,0,0,1,2,1,1,1,2,2,1,1,2,1,1,1,1,0,,1,1,1,0,1,2,1,1,0,2,1,2,1,2,1,2
103,1,1,1,2,1,2,2,0,-1,2,0,1,2,2,1,2,0,-1,1,2,2,1,0,1,1,1,-1,,1,1,1,0,1,1,2,1,2,-1,0,,1,1,1,1,1,1,1,-1,1,2,2,2,2,2,1,1,2,2,1,1
104,1,2,1,1,2,1,0,0,0,2,2,1,0,1,1,2,-2,-2,2,1,0,2,2,0,2,2,2,0,2,2,1,1,2,2,2,2,2,0,2,1,2,2,1,2,2,2,2,2,2,2,2,2,2,2,2,1,2,2,1,2
105,1,1,1,2,2,2,2,1,1,1,2,1,0,2,0,2,0,-2,2,2,1,2,2,2,2,2,2,2,2,2,2,2,2,2,2,2,2,0,2,2,2,2,2,1,2,2,1,2,2,1,2,2,2,2,2,2,2,2,2,2
106,1,1,1,2,1,0,2,-1,1,0,-1,-1,0,2,0,2,0,-1,1,1,0,2,0,2,2,2,1,0,1,1,2,2,2,0,1,1,1,1,2,0,2,2,1,1,0,2,1,1,1,1,1,2,1,2,1,1,1,2,2,1
108,1,1,0,1,1,1,2,0,2,0,2,1,2,1,2,2,1,2,1,1,2,2,2,1,1,0,2,1,2,2,2,2,2,2,1,2,2,2,2,2,2,1,2,2,2,2,2,2,2,2,2,2,2,2,2,2,2,2,2,2
109,1,2,1,0,1,1,1,1,0,2,1,1,1,1,-1,2,1,-1,0,2,1,1,1,0,1,2,2,0,2,2,2,2,2,1,2,2,2,2,1,0,1,1,1,0,2,1,2,1,1,2,1,1,0,1,1,1,1,0,1,-1
110,0,1,1,1,0,1,2,1,1,2,2,1,2,2,1,2,-2,-1,2,2,2,2,2,2,2,2,2,2,2,2,2,2,2,2,2,2,2,2,2,2,2,2,2,2,2,2,2,2,2,2,2,2,2,2,2,2,2,2,2,2
111,1,2,1,1,2,1,2,1,1,1,2,1,0,2,1,1,1,0,-1,0,1,0,0,0,0,0,0,0,0,0,2,1,2,2,2,0,2,2,2,2,0,2,2,2,2,1,1,1,1,1,1,1,1,1,1,1,1,1,1,1
113,2,2,1,2,1,1,1,0,0,1,2,-1,0,2,1,2,-1,-2,1,2,2,0,2,0,2,1,1,0,2,2,0,0,-1,0,2,1,1,0,1,1,2,2,1,2,0,1,2,0,1,1,1,1,1,1,0,1,0,1,1,0
114,2,2,2,1,2,1,1,0,0,2,1,2,2,2,2,2,-1,-2,0,2,1,2,1,1,2,2,2,0,2,2,1,1,2,0,2,2,2,1,2,2,2,2,2,2,2,2,2,2,2,1,2,2,2,2,2,2,2,2,2,2
115,1,1,1,1,1,1,0,1,-1,1,-1,0,0,2,1,1,1,-1,0,2,1,1,2,2,2,1,2,0,0,1,1,-1,-1,1,2,1,2,1,1,0,1,2,0,1,1,2,1,-1,1,1,1,1,0,2,0,1,1,2,2,1
116,2,2,1,1,2,2,2,2,2,2,2,1,2,2,0,2,2,-2,1,2,2,2,1,2,2,1,2,-1,2,2,2,-1,2,2,2,1,1,2,1,1,2,2,1,1,0,2,2,1,0,1,0,2,1,0,0,2,1,2,2,2
117,-2,0,1,1,2,-1,1,0,1,1,-1,2,1,2,2,1,1,-1,1,1,-1,1,0,-1,2,1,0,0,1,2,-1,0,-1,0,2,1,1,0,1,1,2,0,1,0,1,2,2,0,1,1,2,1,1,1,-1,1,1,1,2,1
118,0,1,2,1,1,2,1,0,1,1,1,2,1,0,1,2,1,0,1,1,0,1,1,0,1,2,1,-1,2,2,1,0,2,1,1,1,,1,1,1,2,2,1,0,1,2,2,1,2,2,2,2,1,2,0,1,1,1,1,2
119,1,1,0,0,0,1,1,1,1,1,1,1,1,1,1,0,0,0,0,0,0,0,0,0,0,0,0,0,0,0,0,1,1,-1,0,0,-1,0,0,-1,1,-1,1,0,1,0,0,1,1,0,1,0,-1,-1,0,0,1,1,0,0
120,1,-2,1,-2,1,-2,1,-2,1,-2,1,-2,1,-2,1,1,-2,1,-2,1,-1,0,,1,-2,2,-2,1,-1,1,1,-1,2,-2,1,-2,-1,2,0,,2,1,0,-1,-2,,-2,-1,0,1,2,1,0,-1,-2,,-2,-1,0,1
121,1,2,1,2,2,2,2,-2,0,1,-1,0,0,1,2,2,-2,-2,1,-1,2,2,2,0,2,2,2,0,2,2,2,1,1,1,0,2,2,0,1,2,2,0,1,1,1,2,2,0,2,1,1,1,1,1,0,2,-2,1,2,1
123,1,1,1,1,-1,0,0,-1,-1,1,1,0,1,2,2,1,1,1,1,1,1,1,1,1,1,1,1,1,1,1,1,1,1,0,0,1,-1,1,1,1,1,0,0,1,0,1,1,0,0,-1,,,,,,,,,,
125,2,2,-2,2,2,-2,2,2,-2,2,2,2,2,2,2,0,1,0,1,0,1,0,1,0,1,0,-1,1,-1,1,2,-2,2,-2,2,1,1,1,,1,1,,1,,2,2,,0,2,-1,2,-1,1,-1,1,2,-1,2,-1,1
126,2,2,0,1,2,2,2,0,1,0,0,1,1,2,1,1,1,-1,1,-1,1,1,2,0,1,1,1,0,2,1,1,1,1,1,1,1,1,1,1,1,1,1,1,1,1,2,2,1,1,2,2,1,1,1,1,1,1,1,1,1
